ticker,name,sector,sub_industry,pull_date
MMM,3M,Industrials,Industrial Conglomerates,2026-09-07
AOS,A. O. Smith,Industrials,Building Products,2026-09-07
ABT,Abbott Laboratories,Health Care,Health Care Equipment,2026-09-07
ABBV,AbbVie,Health Care,Biotechnology,2026-09-07
ACN,Accenture,Information Technology,IT Consulting & Other Services,2026-09-07
ADBE,Adobe Inc.,Information Technology,Application Software,2026-09-07
AMD,Advanced Micro Devices,Information Technology,Semiconductors,2026-09-07
AES,AES Corporation,Utilities,Independent Power Producers & Energy Traders,2026-09-07
AFL,Aflac,Financials,Life & Health Insurance,2026-09-07
A,Agilent Technologies,Health Care,Life Sciences Tools & Services,2026-09-07
APD,Air Products,Materials,Industrial Gases,2026-09-07
ABNB,Airbnb,Consumer Discretionary,"Hotels, Resorts & Cruise Lines",2026-09-07
AKAM,Akamai Technologies,Information Technology,Internet Services & Infrastructure,2026-09-07
ALB,Albemarle Corporation,Materials,Specialty Chemicals,2026-09-07
ARE,Alexandria Real Estate Equities,Real Estate,Office REITs,2026-09-07
ALGN,Align Technology,Health Care,Health Care Supplies,2026-09-07
ALLE,Allegion,Industrials,Building Products,2026-09-07
LNT,Alliant Energy,Utilities,Electric Utilities,2026-09-07
ALL,Allstate,Financials,Property & Casualty Insurance,2026-09-07
GOOGL,Alphabet Inc. (Class A),Communication Services,Interactive Media & Services,2026-09-07
GOOG,Alphabet Inc. (Class C),Communication Services,Interactive Media & Services,2026-09-07
MO,Altria,Consumer Staples,Tobacco,2026-09-07
AMZN,Amazon,Consumer Discretionary,Broadline Retail,2026-09-07
AMCR,Amcor,Materials,Paper & Plastic Packaging Products & Materials,2026-09-07
AEE,Ameren,Utilities,Multi-Utilities,2026-09-07
AEP,American Electric Power,Utilities,Electric Utilities,2026-09-07
AXP,American Express,Financials,Consumer Finance,2026-09-07
AIG,American International Group,Financials,Multi-line Insurance,2026-09-07
AMT,American Tower,Real Estate,Telecom Tower REITs,2026-09-07
AWK,American Water Works,Utilities,Water Utilities,2026-09-07
AMP,Ameriprise Financial,Financials,Asset Management & Custody Banks,2026-09-07
AME,Ametek,Industrials,Electrical Components & Equipment,2026-09-07
AMGN,Amgen,Health Care,Biotechnology,2026-09-07
APH,Amphenol,Information Technology,Electronic Components,2026-09-07
ADI,Analog Devices,Information Technology,Semiconductors,2026-09-07
AON,Aon plc,Financials,Insurance Brokers,2026-09-07
APA,APA Corporation,Energy,Oil & Gas Exploration & Production,2026-09-07
APO,Apollo Global Management,Financials,Asset Management & Custody Banks,2026-09-07
AAPL,Apple Inc.,Information Technology,"Technology Hardware, Storage & Peripherals",2026-09-07
AMAT,Applied Materials,Information Technology,Semiconductor Materials & Equipment,2026-09-07
APP,AppLovin,Communication Services,Advertising,2026-09-07
APTV,Aptiv,Consumer Discretionary,Automotive Parts & Equipment,2026-09-07
ACGL,Arch Capital Group,Financials,Property & Casualty Insurance,2026-09-07
ADM,Archer Daniels Midland,Consumer Staples,Agricultural Products & Services,2026-09-07
ARES,Ares Management,Financials,Asset Management & Custody Banks,2026-09-07
ANET,Arista Networks,Information Technology,Communications Equipment,2026-09-07
AJG,Arthur J. Gallagher & Co.,Financials,Insurance Brokers,2026-09-07
AIZ,Assurant,Financials,Multi-line Insurance,2026-09-07
T,AT&T,Communication Services,Integrated Telecommunication Services,2026-09-07
ATO,Atmos Energy,Utilities,Gas Utilities,2026-09-07
ADSK,Autodesk,Information Technology,Application Software,2026-09-07
ADP,Automatic Data Processing,Industrials,Human Resource & Employment Services,2026-09-07
AZO,AutoZone,Consumer Discretionary,Automotive Retail,2026-09-07
AVY,Avery Dennison,Materials,Paper & Plastic Packaging Products & Materials,2026-09-07
AXON,Axon Enterprise,Industrials,Aerospace & Defense,2026-09-07
BKR,Baker Hughes,Energy,Oil & Gas Equipment & Services,2026-09-07
BALL,Ball Corporation,Materials,"Metal, Glass & Plastic Containers",2026-09-07
BAC,Bank of America,Financials,Diversified Banks,2026-09-07
BAX,Baxter International,Health Care,Health Care Equipment,2026-09-07
BDX,Becton Dickinson,Health Care,Health Care Equipment,2026-09-07
BRK-B,Berkshire Hathaway,Financials,Multi-Sector Holdings,2026-09-07
BBY,Best Buy,Consumer Discretionary,Computer & Electronics Retail,2026-09-07
TECH,Bio-Techne,Health Care,Life Sciences Tools & Services,2026-09-07
BIIB,Biogen,Health Care,Biotechnology,2026-09-07
BLK,BlackRock,Financials,Asset Management & Custody Banks,2026-09-07
BX,Blackstone Inc.,Financials,Asset Management & Custody Banks,2026-09-07
XYZ,"Block, Inc.",Financials,Transaction & Payment Processing Services,2026-09-07
BNY,BNY Mellon,Financials,Asset Management & Custody Banks,2026-09-07
BA,Boeing,Industrials,Aerospace & Defense,2026-09-07
BKNG,Booking Holdings,Consumer Discretionary,"Hotels, Resorts & Cruise Lines",2026-09-07
BSX,Boston Scientific,Health Care,Health Care Equipment,2026-09-07
BMY,Bristol Myers Squibb,Health Care,Pharmaceuticals,2026-09-07
AVGO,Broadcom,Information Technology,Semiconductors,2026-09-07
BR,Broadridge Financial Solutions,Industrials,Data Processing & Outsourced Services,2026-09-07
BRO,Brown & Brown,Financials,Insurance Brokers,2026-09-07
BF-B,Brown–Forman,Consumer Staples,Distillers & Vintners,2026-09-07
BLDR,Builders FirstSource,Industrials,Building Products,2026-09-07
BG,Bunge Global,Consumer Staples,Agricultural Products & Services,2026-09-07
BXP,"BXP, Inc.",Real Estate,Office REITs,2026-09-07
CHRW,C.H. Robinson,Industrials,Air Freight & Logistics,2026-09-07
CDNS,Cadence Design Systems,Information Technology,Application Software,2026-09-07
CPT,Camden Property Trust,Real Estate,Multi-Family Residential REITs,2026-09-07
COF,Capital One,Financials,Consumer Finance,2026-09-07
CAH,Cardinal Health,Health Care,Health Care Distributors,2026-09-07
CCL,Carnival Corporation,Consumer Discretionary,"Hotels, Resorts & Cruise Lines",2026-09-07
CARR,Carrier Global,Industrials,Building Products,2026-09-07
CVNA,Carvana,Consumer Discretionary,Automotive Retail,2026-09-07
CASY,Casey's,Consumer Staples,Food Retail,2026-09-07
CAT,Caterpillar Inc.,Industrials,Construction Machinery & Heavy Transportation Equipment,2026-09-07
CBOE,Cboe Global Markets,Financials,Financial Exchanges & Data,2026-09-07
CBRE,CBRE Group,Real Estate,Real Estate Services,2026-09-07
CDW,CDW Corporation,Information Technology,Technology Distributors,2026-09-07
COR,Cencora,Health Care,Health Care Distributors,2026-09-07
CNC,Centene Corporation,Health Care,Managed Health Care,2026-09-07
CNP,CenterPoint Energy,Utilities,Multi-Utilities,2026-09-07
CF,CF Industries,Materials,Fertilizers & Agricultural Chemicals,2026-09-07
CRL,Charles River Laboratories,Health Care,Life Sciences Tools & Services,2026-09-07
SCHW,Charles Schwab Corporation,Financials,Investment Banking & Brokerage,2026-09-07
CHTR,Charter Communications,Communication Services,Cable & Satellite,2026-09-07
CVX,Chevron Corporation,Energy,Integrated Oil & Gas,2026-09-07
CMG,Chipotle Mexican Grill,Consumer Discretionary,Restaurants,2026-09-07
CB,Chubb Limited,Financials,Property & Casualty Insurance,2026-09-07
CHD,Church & Dwight,Consumer Staples,Household Products,2026-09-07
CIEN,Ciena,Information Technology,Communications Equipment,2026-09-07
CI,Cigna,Health Care,Health Care Services,2026-09-07
CINF,Cincinnati Financial,Financials,Property & Casualty Insurance,2026-09-07
CTAS,Cintas,Industrials,Diversified Support Services,2026-09-07
CSCO,Cisco,Information Technology,Communications Equipment,2026-09-07
C,Citigroup,Financials,Diversified Banks,2026-09-07
CFG,Citizens Financial Group,Financials,Regional Banks,2026-09-07
CLX,Clorox,Consumer Staples,Household Products,2026-09-07
CME,CME Group,Financials,Financial Exchanges & Data,2026-09-07
CMS,CMS Energy,Utilities,Multi-Utilities,2026-09-07
KO,Coca-Cola Company (The),Consumer Staples,Soft Drinks & Non-alcoholic Beverages,2026-09-07
CTSH,Cognizant,Information Technology,IT Consulting & Other Services,2026-09-07
COHR,Coherent Corp.,Information Technology,Electronic Components,2026-09-07
COIN,Coinbase,Financials,Financial Exchanges & Data,2026-09-07
CL,Colgate-Palmolive,Consumer Staples,Household Products,2026-09-07
CMCSA,Comcast,Communication Services,Cable & Satellite,2026-09-07
FIX,Comfort Systems USA,Industrials,Construction & Engineering,2026-09-07
COP,ConocoPhillips,Energy,Oil & Gas Exploration & Production,2026-09-07
ED,Consolidated Edison,Utilities,Multi-Utilities,2026-09-07
STZ,Constellation Brands,Consumer Staples,Distillers & Vintners,2026-09-07
CEG,Constellation Energy,Utilities,Electric Utilities,2026-09-07
COO,Cooper Companies (The),Health Care,Health Care Supplies,2026-09-07
CPRT,Copart,Industrials,Diversified Support Services,2026-09-07
GLW,Corning Inc.,Information Technology,Electronic Components,2026-09-07
CPAY,Corpay,Financials,Transaction & Payment Processing Services,2026-09-07
CTVA,Corteva,Materials,Fertilizers & Agricultural Chemicals,2026-09-07
CSGP,CoStar Group,Real Estate,Real Estate Services,2026-09-07
COST,Costco,Consumer Staples,Consumer Staples Merchandise Retail,2026-09-07
CRH,CRH plc,Materials,Construction Materials,2026-09-07
CRWD,CrowdStrike,Information Technology,Systems Software,2026-09-07
CCI,Crown Castle,Real Estate,Telecom Tower REITs,2026-09-07
CSX,CSX Corporation,Industrials,Rail Transportation,2026-09-07
CMI,Cummins,Industrials,Construction Machinery & Heavy Transportation Equipment,2026-09-07
CVS,CVS Health,Health Care,Health Care Services,2026-09-07
DHR,Danaher Corporation,Health Care,Life Sciences Tools & Services,2026-09-07
DRI,Darden Restaurants,Consumer Discretionary,Restaurants,2026-09-07
DDOG,Datadog,Information Technology,Application Software,2026-09-07
DVA,DaVita,Health Care,Health Care Services,2026-09-07
DECK,Deckers Brands,Consumer Discretionary,Footwear,2026-09-07
DE,Deere & Company,Industrials,Agricultural & Farm Machinery,2026-09-07
DELL,Dell Technologies,Information Technology,"Technology Hardware, Storage & Peripherals",2026-09-07
DAL,Delta Air Lines,Industrials,Passenger Airlines,2026-09-07
DVN,Devon Energy,Energy,Oil & Gas Exploration & Production,2026-09-07
DXCM,Dexcom,Health Care,Health Care Equipment,2026-09-07
FANG,Diamondback Energy,Energy,Oil & Gas Exploration & Production,2026-09-07
DLR,Digital Realty,Real Estate,Data Center REITs,2026-09-07
DG,Dollar General,Consumer Staples,Consumer Staples Merchandise Retail,2026-09-07
DLTR,Dollar Tree,Consumer Staples,Consumer Staples Merchandise Retail,2026-09-07
D,Dominion Energy,Utilities,Multi-Utilities,2026-09-07
DPZ,Domino's,Consumer Discretionary,Restaurants,2026-09-07
DASH,DoorDash,Consumer Discretionary,Specialized Consumer Services,2026-09-07
DOV,Dover Corporation,Industrials,Industrial Machinery & Supplies & Components,2026-09-07
DOW,Dow Inc.,Materials,Commodity Chemicals,2026-09-07
DHI,D. R. Horton,Consumer Discretionary,Homebuilding,2026-09-07
DTE,DTE Energy,Utilities,Multi-Utilities,2026-09-07
DUK,Duke Energy,Utilities,Electric Utilities,2026-09-07
DD,DuPont,Industrials,Industrial Conglomerates,2026-09-07
ETN,Eaton Corporation,Industrials,Electrical Components & Equipment,2026-09-07
EBAY,eBay Inc.,Consumer Discretionary,Broadline Retail,2026-09-07
ECHO,EchoStar,Communication Services,Wireless Telecommunication Services,2026-09-07
ECL,Ecolab,Materials,Specialty Chemicals,2026-09-07
EIX,Edison International,Utilities,Electric Utilities,2026-09-07
EW,Edwards Lifesciences,Health Care,Health Care Equipment,2026-09-07
ELV,Elevance Health,Health Care,Managed Health Care,2026-09-07
EME,Emcor,Industrials,Construction & Engineering,2026-09-07
EMR,Emerson Electric,Industrials,Electrical Components & Equipment,2026-09-07
ETR,Entergy,Utilities,Electric Utilities,2026-09-07
EOG,EOG Resources,Energy,Oil & Gas Exploration & Production,2026-09-07
EQT,EQT Corporation,Energy,Oil & Gas Exploration & Production,2026-09-07
EFX,Equifax,Industrials,Research & Consulting Services,2026-09-07
EQIX,Equinix,Real Estate,Data Center REITs,2026-09-07
ERIE,Erie Indemnity,Financials,Insurance Brokers,2026-09-07
ESS,Essex Property Trust,Real Estate,Multi-Family Residential REITs,2026-09-07
EL,Estée Lauder Companies (The),Consumer Staples,Personal Care Products,2026-09-07
EG,Everest Group,Financials,Reinsurance,2026-09-07
EVRG,Evergy,Utilities,Electric Utilities,2026-09-07
ES,Eversource Energy,Utilities,Electric Utilities,2026-09-07
EXC,Exelon,Utilities,Electric Utilities,2026-09-07
EXE,Expand Energy,Energy,Oil & Gas Exploration & Production,2026-09-07
EXPE,Expedia Group,Consumer Discretionary,"Hotels, Resorts & Cruise Lines",2026-09-07
EXPD,Expeditors International,Industrials,Air Freight & Logistics,2026-09-07
EXR,Extra Space Storage,Real Estate,Self-Storage REITs,2026-09-07
XOM,ExxonMobil,Energy,Integrated Oil & Gas,2026-09-07
FFIV,"F5, Inc.",Information Technology,Communications Equipment,2026-09-07
FDS,FactSet,Financials,Financial Exchanges & Data,2026-09-07
FICO,Fair Isaac,Information Technology,Application Software,2026-09-07
FAST,Fastenal,Industrials,Trading Companies & Distributors,2026-09-07
FRT,Federal Realty Investment Trust,Real Estate,Retail REITs,2026-09-07
FDX,FedEx,Industrials,Air Freight & Logistics,2026-09-07
FDXF,FedEx Freight,Industrials,Cargo Ground Transportation,2026-09-07
FERG,Ferguson Enterprises,Industrials,Trading Companies & Distributors,2026-09-07
FIS,Fidelity National Information Services,Financials,Transaction & Payment Processing Services,2026-09-07
FITB,Fifth Third Bancorp,Financials,Regional Banks,2026-09-07
FSLR,First Solar,Information Technology,Semiconductors,2026-09-07
FE,FirstEnergy,Utilities,Electric Utilities,2026-09-07
FISV,Fiserv,Financials,Transaction & Payment Processing Services,2026-09-07
FLEX,Flex Ltd.,Information Technology,Electronic Manufacturing Services,2026-09-07
F,Ford Motor Company,Consumer Discretionary,Automobile Manufacturers,2026-09-07
FTNT,Fortinet,Information Technology,Systems Software,2026-09-07
FTV,Fortive,Industrials,Industrial Machinery & Supplies & Components,2026-09-07
FOXA,Fox Corporation (Class A),Communication Services,Broadcasting,2026-09-07
FOX,Fox Corporation (Class B),Communication Services,Broadcasting,2026-09-07
BEN,Franklin Resources,Financials,Asset Management & Custody Banks,2026-09-07
FCX,Freeport-McMoRan,Materials,Copper,2026-09-07
GRMN,Garmin,Consumer Discretionary,Consumer Electronics,2026-09-07
IT,Gartner,Information Technology,IT Consulting & Other Services,2026-09-07
GE,GE Aerospace,Industrials,Aerospace & Defense,2026-09-07
GEHC,GE HealthCare,Health Care,Health Care Equipment,2026-09-07
GEV,GE Vernova,Industrials,Heavy Electrical Equipment,2026-09-07
GEN,Gen Digital,Information Technology,Systems Software,2026-09-07
GNRC,Generac,Industrials,Heavy Electrical Equipment,2026-09-07
GD,General Dynamics,Industrials,Aerospace & Defense,2026-09-07
GIS,General Mills,Consumer Staples,Packaged Foods & Meats,2026-09-07
GM,General Motors,Consumer Discretionary,Automobile Manufacturers,2026-09-07
GPC,Genuine Parts Company,Consumer Discretionary,Distributors,2026-09-07
GILD,Gilead Sciences,Health Care,Biotechnology,2026-09-07
GPN,Global Payments,Financials,Transaction & Payment Processing Services,2026-09-07
GL,Globe Life,Financials,Life & Health Insurance,2026-09-07
GDDY,GoDaddy,Information Technology,Internet Services & Infrastructure,2026-09-07
GS,Goldman Sachs,Financials,Investment Banking & Brokerage,2026-09-07
HAL,Halliburton,Energy,Oil & Gas Equipment & Services,2026-09-07
HIG,Hartford (The),Financials,Property & Casualty Insurance,2026-09-07
HAS,Hasbro,Consumer Discretionary,Leisure Products,2026-09-07
HCA,HCA Healthcare,Health Care,Health Care Facilities,2026-09-07
DOC,Healthpeak Properties,Real Estate,Health Care REITs,2026-09-07
HSIC,Henry Schein,Health Care,Health Care Distributors,2026-09-07
HSY,Hershey Company (The),Consumer Staples,Packaged Foods & Meats,2026-09-07
HPE,Hewlett Packard Enterprise,Information Technology,"Technology Hardware, Storage & Peripherals",2026-09-07
HLT,Hilton Worldwide,Consumer Discretionary,"Hotels, Resorts & Cruise Lines",2026-09-07
HD,Home Depot (The),Consumer Discretionary,Home Improvement Retail,2026-09-07
HONA,Honeywell Aerospace,Industrials,Aerospace & Defense,2026-09-07
HON,Honeywell Technologies,Industrials,Industrial Conglomerates,2026-09-07
HRL,Hormel Foods,Consumer Staples,Packaged Foods & Meats,2026-09-07
HST,Host Hotels & Resorts,Real Estate,Hotel & Resort REITs,2026-09-07
HWM,Howmet Aerospace,Industrials,Aerospace & Defense,2026-09-07
HPQ,HP Inc.,Information Technology,"Technology Hardware, Storage & Peripherals",2026-09-07
HUBB,Hubbell Incorporated,Industrials,Industrial Machinery & Supplies & Components,2026-09-07
HUM,Humana,Health Care,Managed Health Care,2026-09-07
HBAN,Huntington Bancshares,Financials,Regional Banks,2026-09-07
HII,Huntington Ingalls Industries,Industrials,Aerospace & Defense,2026-09-07
IBM,IBM,Information Technology,IT Consulting & Other Services,2026-09-07
IEX,IDEX Corporation,Industrials,Industrial Machinery & Supplies & Components,2026-09-07
IDXX,Idexx Laboratories,Health Care,Health Care Equipment,2026-09-07
ITW,Illinois Tool Works,Industrials,Industrial Machinery & Supplies & Components,2026-09-07
INCY,Incyte,Health Care,Biotechnology,2026-09-07
IR,Ingersoll Rand,Industrials,Industrial Machinery & Supplies & Components,2026-09-07
PODD,Insulet Corporation,Health Care,Health Care Equipment,2026-09-07
INTC,Intel,Information Technology,Semiconductors,2026-09-07
IBKR,Interactive Brokers,Financials,Investment Banking & Brokerage,2026-09-07
ICE,Intercontinental Exchange,Financials,Financial Exchanges & Data,2026-09-07
IFF,International Flavors & Fragrances,Materials,Specialty Chemicals,2026-09-07
IP,International Paper,Materials,Paper & Plastic Packaging Products & Materials,2026-09-07
INTU,Intuit,Information Technology,Application Software,2026-09-07
ISRG,Intuitive Surgical,Health Care,Health Care Equipment,2026-09-07
IVZ,Invesco,Financials,Asset Management & Custody Banks,2026-09-07
INVH,Invitation Homes,Real Estate,Single-Family Residential REITs,2026-09-07
IQV,IQVIA,Health Care,Life Sciences Tools & Services,2026-09-07
IRM,Iron Mountain,Real Estate,Other Specialized REITs,2026-09-07
JBHT,J.B. Hunt,Industrials,Cargo Ground Transportation,2026-09-07
JBL,Jabil,Information Technology,Electronic Manufacturing Services,2026-09-07
JKHY,Jack Henry & Associates,Financials,Transaction & Payment Processing Services,2026-09-07
J,Jacobs Solutions,Industrials,Construction & Engineering,2026-09-07
JNJ,Johnson & Johnson,Health Care,Pharmaceuticals,2026-09-07
JCI,Johnson Controls,Industrials,Building Products,2026-09-07
JPM,JPMorgan Chase,Financials,Diversified Banks,2026-09-07
KVUE,Kenvue,Consumer Staples,Personal Care Products,2026-09-07
KDP,Keurig Dr Pepper,Consumer Staples,Soft Drinks & Non-alcoholic Beverages,2026-09-07
KEY,KeyCorp,Financials,Regional Banks,2026-09-07
KEYS,Keysight Technologies,Information Technology,Electronic Equipment & Instruments,2026-09-07
KMB,Kimberly-Clark,Consumer Staples,Household Products,2026-09-07
KIM,Kimco Realty,Real Estate,Retail REITs,2026-09-07
KMI,Kinder Morgan,Energy,Oil & Gas Storage & Transportation,2026-09-07
KKR,KKR & Co.,Financials,Asset Management & Custody Banks,2026-09-07
KLAC,KLA Corporation,Information Technology,Semiconductor Materials & Equipment,2026-09-07
KHC,Kraft Heinz,Consumer Staples,Packaged Foods & Meats,2026-09-07
KR,Kroger,Consumer Staples,Food Retail,2026-09-07
LHX,L3Harris,Industrials,Aerospace & Defense,2026-09-07
LH,Labcorp,Health Care,Health Care Services,2026-09-07
LRCX,Lam Research,Information Technology,Semiconductor Materials & Equipment,2026-09-07
LVS,Las Vegas Sands,Consumer Discretionary,Casinos & Gaming,2026-09-07
LDOS,Leidos,Industrials,Diversified Support Services,2026-09-07
LEN,Lennar,Consumer Discretionary,Homebuilding,2026-09-07
LII,Lennox International,Industrials,Building Products,2026-09-07
LLY,Lilly (Eli),Health Care,Pharmaceuticals,2026-09-07
LIN,Linde plc,Materials,Industrial Gases,2026-09-07
LYV,Live Nation Entertainment,Communication Services,Movies & Entertainment,2026-09-07
LMT,Lockheed Martin,Industrials,Aerospace & Defense,2026-09-07
L,Loews Corporation,Financials,Multi-line Insurance,2026-09-07
LOW,Lowe's,Consumer Discretionary,Home Improvement Retail,2026-09-07
LULU,Lululemon Athletica,Consumer Discretionary,"Apparel, Accessories & Luxury Goods",2026-09-07
LITE,Lumentum,Information Technology,Communications Equipment,2026-09-07
LYB,LyondellBasell,Materials,Specialty Chemicals,2026-09-07
MTB,M&T Bank,Financials,Regional Banks,2026-09-07
MPC,Marathon Petroleum,Energy,Oil & Gas Refining & Marketing,2026-09-07
MAR,Marriott International,Consumer Discretionary,"Hotels, Resorts & Cruise Lines",2026-09-07
MRSH,Marsh McLennan,Financials,Insurance Brokers,2026-09-07
MLM,Martin Marietta Materials,Materials,Construction Materials,2026-09-07
MRVL,Marvell Technology,Information Technology,Semiconductors,2026-09-07
MAS,Masco,Industrials,Building Products,2026-09-07
MA,Mastercard,Financials,Transaction & Payment Processing Services,2026-09-07
MKC,McCormick & Company,Consumer Staples,Packaged Foods & Meats,2026-09-07
MCD,McDonald's,Consumer Discretionary,Restaurants,2026-09-07
MCK,McKesson Corporation,Health Care,Health Care Distributors,2026-09-07
MDT,Medtronic,Health Care,Health Care Equipment,2026-09-07
MRK,Merck & Co.,Health Care,Pharmaceuticals,2026-09-07
META,Meta Platforms,Communication Services,Interactive Media & Services,2026-09-07
MET,MetLife,Financials,Life & Health Insurance,2026-09-07
MTD,Mettler Toledo,Health Care,Life Sciences Tools & Services,2026-09-07
MGM,MGM Resorts,Consumer Discretionary,Casinos & Gaming,2026-09-07
MCHP,Microchip Technology,Information Technology,Semiconductors,2026-09-07
MU,Micron Technology,Information Technology,Semiconductors,2026-09-07
MSFT,Microsoft,Information Technology,Systems Software,2026-09-07
MAA,Mid-America Apartment Communities,Real Estate,Multi-Family Residential REITs,2026-09-07
MRNA,Moderna,Health Care,Biotechnology,2026-09-07
TAP,Molson Coors Beverage Company,Consumer Staples,Brewers,2026-09-07
MDLZ,Mondelez International,Consumer Staples,Packaged Foods & Meats,2026-09-07
MPWR,Monolithic Power Systems,Information Technology,Semiconductors,2026-09-07
MNST,Monster Beverage,Consumer Staples,Soft Drinks & Non-alcoholic Beverages,2026-09-07
MCO,Moody's Corporation,Financials,Financial Exchanges & Data,2026-09-07
MS,Morgan Stanley,Financials,Investment Banking & Brokerage,2026-09-07
MOS,Mosaic Company (The),Materials,Fertilizers & Agricultural Chemicals,2026-09-07
MSI,Motorola Solutions,Information Technology,Communications Equipment,2026-09-07
MSCI,MSCI,Financials,Financial Exchanges & Data,2026-09-07
NDAQ,"Nasdaq, Inc.",Financials,Financial Exchanges & Data,2026-09-07
NTAP,NetApp,Information Technology,"Technology Hardware, Storage & Peripherals",2026-09-07
NFLX,Netflix,Communication Services,Movies & Entertainment,2026-09-07
NEM,Newmont,Materials,Gold,2026-09-07
NWSA,News Corp (Class A),Communication Services,Publishing,2026-09-07
NWS,News Corp (Class B),Communication Services,Publishing,2026-09-07
NEE,NextEra Energy,Utilities,Multi-Utilities,2026-09-07
NKE,"Nike, Inc.",Consumer Discretionary,"Apparel, Accessories & Luxury Goods",2026-09-07
NI,NiSource,Utilities,Multi-Utilities,2026-09-07
NDSN,Nordson Corporation,Industrials,Industrial Machinery & Supplies & Components,2026-09-07
NSC,Norfolk Southern,Industrials,Rail Transportation,2026-09-07
NTRS,Northern Trust,Financials,Asset Management & Custody Banks,2026-09-07
NOC,Northrop Grumman,Industrials,Aerospace & Defense,2026-09-07
NCLH,Norwegian Cruise Line Holdings,Consumer Discretionary,"Hotels, Resorts & Cruise Lines",2026-09-07
NRG,NRG Energy,Utilities,Independent Power Producers & Energy Traders,2026-09-07
NUE,Nucor,Materials,Steel,2026-09-07
NVDA,Nvidia,Information Technology,Semiconductors,2026-09-07
NVR,"NVR, Inc.",Consumer Discretionary,Homebuilding,2026-09-07
NXPI,NXP Semiconductors,Information Technology,Semiconductors,2026-09-07
ORLY,O'Reilly Automotive,Consumer Discretionary,Automotive Retail,2026-09-07
OXY,Occidental Petroleum,Energy,Oil & Gas Exploration & Production,2026-09-07
ODFL,Old Dominion,Industrials,Cargo Ground Transportation,2026-09-07
OMC,Omnicom Group,Communication Services,Advertising,2026-09-07
ON,ON Semiconductor,Information Technology,Semiconductors,2026-09-07
OKE,Oneok,Energy,Oil & Gas Storage & Transportation,2026-09-07
ORCL,Oracle Corporation,Information Technology,Application Software,2026-09-07
OTIS,Otis Worldwide,Industrials,Industrial Machinery & Supplies & Components,2026-09-07
PCAR,Paccar,Industrials,Construction Machinery & Heavy Transportation Equipment,2026-09-07
PKG,Packaging Corporation of America,Materials,Paper & Plastic Packaging Products & Materials,2026-09-07
PLTR,Palantir Technologies,Information Technology,Application Software,2026-09-07
PANW,Palo Alto Networks,Information Technology,Systems Software,2026-09-07
PSKY,Paramount Skydance Corporation,Communication Services,Movies & Entertainment,2026-09-07
PH,Parker Hannifin,Industrials,Industrial Machinery & Supplies & Components,2026-09-07
PAYX,Paychex,Industrials,Human Resource & Employment Services,2026-09-07
PYPL,PayPal,Financials,Transaction & Payment Processing Services,2026-09-07
PNR,Pentair,Industrials,Industrial Machinery & Supplies & Components,2026-09-07
PEP,PepsiCo,Consumer Staples,Soft Drinks & Non-alcoholic Beverages,2026-09-07
PFE,Pfizer,Health Care,Pharmaceuticals,2026-09-07
PCG,PG&E Corporation,Utilities,Multi-Utilities,2026-09-07
PM,Philip Morris International,Consumer Staples,Tobacco,2026-09-07
PSX,Phillips 66,Energy,Oil & Gas Refining & Marketing,2026-09-07
PNW,Pinnacle West Capital,Utilities,Multi-Utilities,2026-09-07
PNC,PNC Financial Services,Financials,Diversified Banks,2026-09-07
PPG,PPG Industries,Materials,Specialty Chemicals,2026-09-07
PPL,PPL Corporation,Utilities,Electric Utilities,2026-09-07
PFG,Principal Financial Group,Financials,Life & Health Insurance,2026-09-07
PG,Procter & Gamble,Consumer Staples,Personal Care Products,2026-09-07
PGR,Progressive Corporation,Financials,Property & Casualty Insurance,2026-09-07
PLD,Prologis,Real Estate,Industrial REITs,2026-09-07
PRU,Prudential Financial,Financials,Life & Health Insurance,2026-09-07
PEG,Public Service Enterprise Group,Utilities,Electric Utilities,2026-09-07
PTC,PTC Inc.,Information Technology,Application Software,2026-09-07
PSA,Public Storage,Real Estate,Self-Storage REITs,2026-09-07
PHM,PulteGroup,Consumer Discretionary,Homebuilding,2026-09-07
PWR,Quanta Services,Industrials,Construction & Engineering,2026-09-07
QCOM,Qualcomm,Information Technology,Semiconductors,2026-09-07
DGX,Quest Diagnostics,Health Care,Health Care Services,2026-09-07
Q,Qnity Electronics,Information Technology,Semiconductor Materials & Equipment,2026-09-07
RL,Ralph Lauren Corporation,Consumer Discretionary,"Apparel, Accessories & Luxury Goods",2026-09-07
RJF,Raymond James Financial,Financials,Investment Banking & Brokerage,2026-09-07
RDDT,Reddit,Communication Services,Interactive Media & Services,2026-09-07
RTX,RTX Corporation,Industrials,Aerospace & Defense,2026-09-07
O,Realty Income,Real Estate,Retail REITs,2026-09-07
REG,Regency Centers,Real Estate,Retail REITs,2026-09-07
REGN,Regeneron Pharmaceuticals,Health Care,Biotechnology,2026-09-07
RF,Regions Financial Corporation,Financials,Regional Banks,2026-09-07
RSG,Republic Services,Industrials,Environmental & Facilities Services,2026-09-07
RMD,ResMed|,Health Care,Health Care Equipment,2026-09-07
RVTY,Revvity,Health Care,Health Care Equipment,2026-09-07
HOOD,Robinhood Markets,Financials,Investment Banking & Brokerage,2026-09-07
ROK,Rockwell Automation,Industrials,Electrical Components & Equipment,2026-09-07
ROL,"Rollins, Inc.",Industrials,Environmental & Facilities Services,2026-09-07
ROP,Roper Technologies,Information Technology,Electronic Equipment & Instruments,2026-09-07
ROST,Ross Stores,Consumer Discretionary,Apparel Retail,2026-09-07
RCL,Royal Caribbean Group,Consumer Discretionary,"Hotels, Resorts & Cruise Lines",2026-09-07
SPGI,S&P Global,Financials,Financial Exchanges & Data,2026-09-07
CRM,Salesforce,Information Technology,Application Software,2026-09-07
SNDK,Sandisk,Information Technology,"Technology Hardware, Storage & Peripherals",2026-09-07
SBAC,SBA Communications,Real Estate,Telecom Tower REITs,2026-09-07
SLB,Schlumberger,Energy,Oil & Gas Equipment & Services,2026-09-07
STX,Seagate Technology,Information Technology,"Technology Hardware, Storage & Peripherals",2026-09-07
SRE,Sempra,Utilities,Multi-Utilities,2026-09-07
NOW,ServiceNow,Information Technology,Systems Software,2026-09-07
SHW,Sherwin-Williams,Materials,Specialty Chemicals,2026-09-07
SPG,Simon Property Group,Real Estate,Retail REITs,2026-09-07
SWKS,Skyworks Solutions,Information Technology,Semiconductors,2026-09-07
SJM,J.M. Smucker Company (The),Consumer Staples,Packaged Foods & Meats,2026-09-07
SW,Smurfit Westrock,Materials,Paper & Plastic Packaging Products & Materials,2026-09-07
SNA,Snap-on,Industrials,Industrial Machinery & Supplies & Components,2026-09-07
SOLV,Solventum,Health Care,Health Care Technology,2026-09-07
SO,Southern Company,Utilities,Electric Utilities,2026-09-07
LUV,Southwest Airlines,Industrials,Passenger Airlines,2026-09-07
SWK,Stanley Black & Decker,Industrials,Industrial Machinery & Supplies & Components,2026-09-07
SBUX,Starbucks,Consumer Discretionary,Restaurants,2026-09-07
STT,State Street Corporation,Financials,Asset Management & Custody Banks,2026-09-07
STLD,Steel Dynamics,Materials,Steel,2026-09-07
STE,Steris,Health Care,Health Care Equipment,2026-09-07
SYK,Stryker Corporation,Health Care,Health Care Equipment,2026-09-07
SMCI,Supermicro,Information Technology,"Technology Hardware, Storage & Peripherals",2026-09-07
SYF,Synchrony Financial,Financials,Consumer Finance,2026-09-07
SNPS,Synopsys,Information Technology,Application Software,2026-09-07
SYY,Sysco,Consumer Staples,Food Distributors,2026-09-07
TMUS,T-Mobile US,Communication Services,Wireless Telecommunication Services,2026-09-07
TROW,T. Rowe Price,Financials,Asset Management & Custody Banks,2026-09-07
TTWO,Take-Two Interactive,Communication Services,Interactive Home Entertainment,2026-09-07
TPR,"Tapestry, Inc.",Consumer Discretionary,"Apparel, Accessories & Luxury Goods",2026-09-07
TRGP,Targa Resources,Energy,Oil & Gas Storage & Transportation,2026-09-07
TGT,Target Corporation,Consumer Staples,Consumer Staples Merchandise Retail,2026-09-07
TEL,TE Connectivity,Information Technology,Electronic Manufacturing Services,2026-09-07
TDY,Teledyne Technologies,Information Technology,Electronic Equipment & Instruments,2026-09-07
TER,Teradyne,Information Technology,Semiconductor Materials & Equipment,2026-09-07
TSLA,"Tesla, Inc.",Consumer Discretionary,Automobile Manufacturers,2026-09-07
TXN,Texas Instruments,Information Technology,Semiconductors,2026-09-07
TPL,Texas Pacific Land Corporation,Energy,Oil & Gas Exploration & Production,2026-09-07
TXT,Textron,Industrials,Aerospace & Defense,2026-09-07
TMO,Thermo Fisher Scientific,Health Care,Life Sciences Tools & Services,2026-09-07
TJX,TJX Companies,Consumer Discretionary,Apparel Retail,2026-09-07
TKO,TKO Group Holdings,Communication Services,Movies & Entertainment,2026-09-07
TTD,Trade Desk (The),Communication Services,Advertising,2026-09-07
TSCO,Tractor Supply,Consumer Discretionary,Other Specialty Retail,2026-09-07
TT,Trane Technologies,Industrials,Building Products,2026-09-07
TDG,TransDigm Group,Industrials,Aerospace & Defense,2026-09-07
TRV,Travelers Companies (The),Financials,Property & Casualty Insurance,2026-09-07
TRMB,Trimble Inc.,Information Technology,Application Software,2026-09-07
TFC,Truist Financial,Financials,Diversified Banks,2026-09-07
TYL,Tyler Technologies,Information Technology,Application Software,2026-09-07
TSN,Tyson Foods,Consumer Staples,Packaged Foods & Meats,2026-09-07
USB,U.S. Bancorp,Financials,Diversified Banks,2026-09-07
UBER,Uber,Industrials,Passenger Ground Transportation,2026-09-07
UDR,"UDR, Inc.",Real Estate,Multi-Family Residential REITs,2026-09-07
ULTA,Ulta Beauty,Consumer Discretionary,Other Specialty Retail,2026-09-07
UNP,Union Pacific Corporation,Industrials,Rail Transportation,2026-09-07
UAL,United Airlines Holdings,Industrials,Passenger Airlines,2026-09-07
UPS,United Parcel Service,Industrials,Air Freight & Logistics,2026-09-07
URI,United Rentals,Industrials,Trading Companies & Distributors,2026-09-07
UNH,UnitedHealth Group,Health Care,Managed Health Care,2026-09-07
UHS,Universal Health Services,Health Care,Health Care Facilities,2026-09-07
VLO,Valero Energy,Energy,Oil & Gas Refining & Marketing,2026-09-07
VEEV,Veeva Systems,Health Care,Health Care Technology,2026-09-07
VTR,Ventas,Real Estate,Health Care REITs,2026-09-07
VLTO,Veralto,Industrials,Environmental & Facilities Services,2026-09-07
VRSN,Verisign,Information Technology,Internet Services & Infrastructure,2026-09-07
VRSK,Verisk Analytics,Industrials,Research & Consulting Services,2026-09-07
VZ,Verizon,Communication Services,Integrated Telecommunication Services,2026-09-07
VRTX,Vertex Pharmaceuticals,Health Care,Biotechnology,2026-09-07
VRT,Vertiv,Industrials,Electrical Components & Equipment,2026-09-07
VTRS,Viatris,Health Care,Pharmaceuticals,2026-09-07
VICI,Vici Properties,Real Estate,Hotel & Resort REITs,2026-09-07
V,Visa Inc.,Financials,Transaction & Payment Processing Services,2026-09-07
VST,Vistra Corp.,Utilities,Electric Utilities,2026-09-07
VMRK,Vivmark Residential,Real Estate,Multi-Family Residential REITs,2026-09-07
VMC,Vulcan Materials Company,Materials,Construction Materials,2026-09-07
WRB,W. R. Berkley Corporation,Financials,Property & Casualty Insurance,2026-09-07
GWW,W. W. Grainger,Industrials,Industrial Machinery & Supplies & Components,2026-09-07
WAB,Wabtec,Industrials,Construction Machinery & Heavy Transportation Equipment,2026-09-07
WMT,Walmart,Consumer Staples,Consumer Staples Merchandise Retail,2026-09-07
DIS,Walt Disney Company (The),Communication Services,Movies & Entertainment,2026-09-07
WBD,Warner Bros. Discovery,Communication Services,Broadcasting,2026-09-07
WM,Waste Management,Industrials,Environmental & Facilities Services,2026-09-07
WAT,Waters Corporation,Health Care,Life Sciences Tools & Services,2026-09-07
WEC,WEC Energy Group,Utilities,Electric Utilities,2026-09-07
WFC,Wells Fargo,Financials,Diversified Banks,2026-09-07
WELL,Welltower,Real Estate,Health Care REITs,2026-09-07
WST,West Pharmaceutical Services,Health Care,Health Care Supplies,2026-09-07
WDC,Western Digital,Information Technology,"Technology Hardware, Storage & Peripherals",2026-09-07
WY,Weyerhaeuser,Real Estate,Timber REITs,2026-09-07
WSM,"Williams-Sonoma, Inc.",Consumer Discretionary,Homefurnishing Retail,2026-09-07
WMB,Williams Companies,Energy,Oil & Gas Storage & Transportation,2026-09-07
WTW,Willis Towers Watson,Financials,Insurance Brokers,2026-09-07
WDAY,"Workday, Inc.",Information Technology,Application Software,2026-09-07
WYNN,Wynn Resorts,Consumer Discretionary,Casinos & Gaming,2026-09-07
XEL,Xcel Energy,Utilities,Multi-Utilities,2026-09-07
XYL,Xylem Inc.,Industrials,Industrial Machinery & Supplies & Components,2026-09-07
YUM,Yum! Brands,Consumer Discretionary,Restaurants,2026-09-07
ZBRA,Zebra Technologies,Information Technology,Electronic Equipment & Instruments,2026-09-07
ZBH,Zimmer Biomet,Health Care,Health Care Equipment,2026-09-07
ZTS,Zoetis,Health Care,Pharmaceuticals,2026-09-07
